{"cameraMode":{"drawMode":0,"name":"Shaded","section":"Shading Mode"},"sceneLighting":true,"audioPlay":false,"sceneViewState":{"showFog":true,"showMaterialUpdate":false,"showSkybox":true,"showFlares":true,"showImageEffects":true,"showParticleSystems":true},"in2DMode":false,"pivot":{"x":-0.06127357482910156,"y":0.03409934043884277,"z":0.04112744331359863},"rotation":{"x":-0.08775120973587036,"y":0.8913324475288391,"z":-0.19586823880672456,"w":-0.39932718873023989},"size":0.6999998688697815,"orthographic":false}